[
  { "ref": "U1", "pad": "3", "net": "GND" },
  { "ref": "U1", "pad": "4", "net": "GPIO02" },
  { "ref": "GPIO02", "pad": "2", "net": "GPIO02" },
  { "ref": "GPIO02", "pad": "1", "net": "GND" },
  { "ref": "U1", "pad": "5", "net": "GPIO03" },
  { "ref": "GPIO03", "pad": "2", "net": "GPIO03" },
  { "ref": "GPIO03", "pad": "1", "net": "GND" },
  { "ref": "U1", "pad": "6", "net": "GPIO04" },
  { "ref": "GPIO04", "pad": "2", "net": "GPIO04" },
  { "ref": "GPIO04", "pad": "1", "net": "GND" },
  { "ref": "U1", "pad": "7", "net": "GPIO05" },
  { "ref": "GPIO05", "pad": "2", "net": "GPIO05" },
  { "ref": "GPIO05", "pad": "1", "net": "GND" },
  { "ref": "U1", "pad": "9", "net": "GPIO06" },
  { "ref": "GPIO06", "pad": "2", "net": "GPIO06" },
  { "ref": "GPIO06", "pad": "1", "net": "GND" },
  { "ref": "U1", "pad": "10", "net": "GPIO07" },
  { "ref": "GPIO07", "pad": "2", "net": "GPIO07" },
  { "ref": "GPIO07", "pad": "1", "net": "GND" },
  { "ref": "U1", "pad": "11", "net": "GPIO08" },
  { "ref": "GPIO08", "pad": "2", "net": "GPIO08" },
  { "ref": "GPIO08", "pad": "1", "net": "GND" },
  { "ref": "U1", "pad": "12", "net": "GPIO09" },
  { "ref": "GPIO09", "pad": "2", "net": "GPIO09" },
  { "ref": "GPIO09", "pad": "1", "net": "GND" },
  { "ref": "U1", "pad": "14", "net": "GPIO10" },
  { "ref": "GPIO10", "pad": "2", "net": "GPIO10" },
  { "ref": "GPIO10", "pad": "1", "net": "GND" },
  { "ref": "U1", "pad": "15", "net": "GPIO11" },
  { "ref": "GPIO11", "pad": "2", "net": "GPIO11" },
  { "ref": "GPIO11", "pad": "1", "net": "GND" },
  { "ref": "U1", "pad": "16", "net": "GPIO12" },
  { "ref": "GPIO12", "pad": "2", "net": "GPIO12" },
  { "ref": "GPIO12", "pad": "1", "net": "GND" },
  { "ref": "U1", "pad": "17", "net": "GPIO13" },
  { "ref": "GPIO13", "pad": "2", "net": "GPIO13" },
  { "ref": "GPIO13", "pad": "1", "net": "GND" },
  { "ref": "U1", "pad": "21", "net": "GPIO16" },
  { "ref": "GPIO16", "pad": "2", "net": "GPIO16" },
  { "ref": "GPIO16", "pad": "1", "net": "GND" },
  { "ref": "U1", "pad": "22", "net": "GPIO17" },
  { "ref": "GPIO17", "pad": "2", "net": "GPIO17" },
  { "ref": "GPIO17", "pad": "1", "net": "GND" },
  { "ref": "U1", "pad": "24", "net": "GPIO18" },
  { "ref": "GPIO18", "pad": "2", "net": "GPIO18" },
  { "ref": "GPIO18", "pad": "1", "net": "GND" },
  { "ref": "U1", "pad": "25", "net": "GPIO19" },
  { "ref": "GPIO19", "pad": "2", "net": "GPIO19" },
  { "ref": "GPIO19", "pad": "1", "net": "GND" },
  { "ref": "U1", "pad": "26", "net": "GPIO20" },
  { "ref": "GPIO20", "pad": "2", "net": "GPIO20" },
  { "ref": "GPIO20", "pad": "1", "net": "GND" },
  { "ref": "U1", "pad": "27", "net": "GPIO21" },
  { "ref": "GPIO21", "pad": "2", "net": "GPIO21" },
  { "ref": "GPIO21", "pad": "1", "net": "GND" }
]

